name,address,category,rating,reviews_count,review_url,district
Танжирс Лаунж,"11 мин. • Курская улица Покровка, 31с4, Москва",рестораны,4.9,61,https://zoon.ru/msk/restaurants/launzh-restoran_tanzhirs_launzh_na_ulitse_pokrovka/reviews/,Другое
Вкус огня,"5 мин. • Павелецкая Большая Пионерская улица, 7 ст1, вход со двора, Москва",рестораны,4.9,132,https://zoon.ru/msk/restaurants/restoran_vkus_ognya_na_metro_paveletskaya/reviews/,Другое
Джавахк,"37 мин. • Лухмановская Инициативная улица, 7Б, 2 этаж, Люберцы",рестораны,4.9,697,https://zoon.ru/msk/restaurants/hinkalnaya_dzhavahk_na_initsiativnoj_ulitse_v_lyubertsah/reviews/,Другое
Pub13,"3 мин. • Бауманская Волховский переулок, 2, 1 этаж, Москва",рестораны,4.9,55,https://zoon.ru/msk/restaurants/pub13_na_metro_baumanskaya/reviews/,Другое
Кристалл,"Силикатная улица, 51Б, Мытищи",рестораны,4.7,38,https://zoon.ru/msk/restaurants/restoran_kristall_v_mytischah/reviews/,Другое
Maurizio,"4 мин. • Сухаревская улица Сретенка, 26/1, Москва",рестораны,4.9,914,https://zoon.ru/msk/restaurants/restoran_maurizio_na_ulitse_sretenka/reviews/,Другое
Руки ВВерх!,"11 мин. • Крестьянская застава Нижегородская улица, 2к1, Москва",рестораны,4.8,15,https://zoon.ru/msk/restaurants/bar_ruki_vverh_na_taganke/reviews/,Другое
Зелёная Роща,"Мытищинский район, Мытищинская улица, 1Д, деревня Ульянково",рестораны,4.5,17,https://zoon.ru/msk/restaurants/restoran_zelyonaya_roscha_v_derevne_ulyankovo/reviews/,Другое
Пиросмани,"13 мин. • Яхромская Дубнинская улица, 32, 1; 2 этаж, Москва",рестораны,4.9,24,https://zoon.ru/msk/restaurants/restoran_pirosmani_na_dubninskoj_ulitse/reviews/,Другое
Amara Platinum,"4 мин. • Дубровка (Московское центральное кольцо) 1-я улица Машиностроения, 10, Вход с торца здания за углом у фитнеса, 2 этаж., Москва",рестораны,4.9,24,https://zoon.ru/msk/restaurants/restoran_amara_platinum/reviews/,Другое
Миндаль,"проспект Красной Армии, 212А, цокольный этаж, Сергиев Посад",рестораны,4.7,51,https://zoon.ru/msk/restaurants/restoran_mindal_v_sergievom_posade/reviews/,Другое
Волшебная арфа,"8 мин. • Курская Лялин переулок, 3 ст3, цокольный этаж, Москва",рестораны,5.0,10,https://zoon.ru/msk/restaurants/restoran_volshebnaya_arfa/reviews/,Другое
Keto&Kote,"4 мин. • Новослободская Селезнёвская улица, 13с1, Москва",рестораны,4.8,26,https://zoon.ru/msk/restaurants/restoran_ketokote/reviews/,Другое
Гранд,"15 мин. • Люблино Тихорецкий бульвар, 1с19, Москва",рестораны,5.0,7,https://zoon.ru/msk/restaurants/banketnyj_zal_grand_v_lyublino/reviews/,ЮВАО
Вавилон,"5 мин. • Технопарк Проектируемый проезд № 4062, 6с1, Москва",рестораны,4.9,26,https://zoon.ru/msk/restaurants/restoran_vavilon_na_metro_tehnopark/reviews/,Другое
Березовая роща,"19 мин. • Полежаевская улица Куусинена, 8а, Москва",рестораны,4.7,92,https://zoon.ru/msk/restaurants/kafe_berezovaya_roscha_na_ulitse_kuusinena/reviews/,Другое
Русские традиции,"9 мин. • Новокосино Носовихинское шоссе, 18В, 1-3 этаж, Реутов",рестораны,4.7,84,https://zoon.ru/msk/restaurants/restoran_russkie_traditsii_v_reutove/reviews/,ВАО
Эчпочмак,"14 мин. • Сокольники улица Стромынка, 16, цокольный этаж, Москва",рестораны,4.9,31,https://zoon.ru/msk/restaurants/kafe_tatarskoj_kuhni_echpochmak/reviews/,САО
Varvarka 3,"6 мин. • Китай-город улица Ильинка, 4, в здании Гостиного двора, рядом с подъездом 15, Москва",рестораны,4.9,162,https://zoon.ru/msk/restaurants/restoran_sigarnyj_klub_varvarka_3_na_ulitse_ilinka/reviews/,ЦАО
Территория,"39 мин. • Орехово Липецкая улица, 22, 2 этаж, Москва",рестораны,4.3,120,https://zoon.ru/msk/restaurants/bar-restoran_territoriya_na_lipetskoj_ulitse/reviews/,Другое
Добрые Соседи,"41 мин. • Давыдково Можайское шоссе, 45Б, Москва",рестораны,4.9,5,https://zoon.ru/msk/restaurants/restoran_chestnyh_tsen_dobrye_sosedi/reviews/,Другое
Яръ,"13 мин. • Динамо Ленинградский проспект, 32/2, 1 этаж; комплекс Советский, Москва",рестораны,4.9,556,https://zoon.ru/msk/restaurants/restoran_yar_na_leningradskom_prospekte/reviews/,Другое
Доктор на крыше,"5 мин. • Маяковская 2-й Тверской-Ямской переулок, 10, 12 этаж, Москва",рестораны,4.5,42,https://zoon.ru/msk/restaurants/restoran_doktor_na_kryshe_na_metro_mayakovskaya/reviews/,ЦАО
Пандури,"Северное шоссе, 22, Раменское",рестораны,4.8,29,https://zoon.ru/msk/restaurants/restoran_panduri/reviews/,Другое
Хинкальная в Реутове,"18 мин. • Новокосино улица Ленина, 6, 1 этаж, Реутов",рестораны,4.7,33,https://zoon.ru/msk/restaurants/hinkalnaya_v_reutove/reviews/,ВАО
Арарат,"6 мин. • Смоленская улица Арбат, 32, 1 этаж, Москва",рестораны,4.9,15,https://zoon.ru/msk/restaurants/restoran_ararat_na_arbate/reviews/,ЦАО
Dolce casa,"29 мин. • Мякинино Авангардная улица, 3, 2 этаж, Красногорск",рестораны,4.9,161,https://zoon.ru/msk/restaurants/restoran_dolce_casa/reviews/,Другое
Studio 46,"6 мин. • Менделеевская Новослободская улица, 46, Москва",рестораны,4.5,39,https://zoon.ru/msk/restaurants/karaoke-klub_studio_46_na_novoslobodskoj_ulitse_46/reviews/,Другое
Пиво Еда Люди,"7 мин. • Сокольники Егерская улица, 1, 1 этаж, Москва",рестораны,4.9,23,https://zoon.ru/msk/restaurants/pivo_eda_lyudi_na_egerskoj_ulitse/reviews/,САО
Поминальная трапеза,"39 мин. • Орехово Липецкая улица, 22, Москва",рестораны,4.9,9,https://zoon.ru/msk/restaurants/kafe_pominalnaya_trapeza_na_lipetskoj_ulitse/reviews/,Другое
Танжирс Лаунж,"11 мин. • Курская улица Покровка, 31с4, Москва",рестораны,4.9,61,https://zoon.ru/msk/restaurants/launzh-restoran_tanzhirs_launzh_na_ulitse_pokrovka/reviews/,Другое
Вкус огня,"5 мин. • Павелецкая Большая Пионерская улица, 7 ст1, вход со двора, Москва",рестораны,4.9,132,https://zoon.ru/msk/restaurants/restoran_vkus_ognya_na_metro_paveletskaya/reviews/,Другое
Джавахк,"37 мин. • Лухмановская Инициативная улица, 7Б, 2 этаж, Люберцы",рестораны,4.9,697,https://zoon.ru/msk/restaurants/hinkalnaya_dzhavahk_na_initsiativnoj_ulitse_v_lyubertsah/reviews/,Другое
Pub13,"3 мин. • Бауманская Волховский переулок, 2, 1 этаж, Москва",рестораны,4.9,55,https://zoon.ru/msk/restaurants/pub13_na_metro_baumanskaya/reviews/,Другое
Кристалл,"Силикатная улица, 51Б, Мытищи",рестораны,4.7,38,https://zoon.ru/msk/restaurants/restoran_kristall_v_mytischah/reviews/,Другое
Maurizio,"4 мин. • Сухаревская улица Сретенка, 26/1, Москва",рестораны,4.9,914,https://zoon.ru/msk/restaurants/restoran_maurizio_na_ulitse_sretenka/reviews/,Другое
Руки ВВерх!,"11 мин. • Крестьянская застава Нижегородская улица, 2к1, Москва",рестораны,4.8,15,https://zoon.ru/msk/restaurants/bar_ruki_vverh_na_taganke/reviews/,Другое
Зелёная Роща,"Мытищинский район, Мытищинская улица, 1Д, деревня Ульянково",рестораны,4.5,17,https://zoon.ru/msk/restaurants/restoran_zelyonaya_roscha_v_derevne_ulyankovo/reviews/,Другое
Пиросмани,"13 мин. • Яхромская Дубнинская улица, 32, 1; 2 этаж, Москва",рестораны,4.9,24,https://zoon.ru/msk/restaurants/restoran_pirosmani_na_dubninskoj_ulitse/reviews/,Другое
Amara Platinum,"4 мин. • Дубровка (Московское центральное кольцо) 1-я улица Машиностроения, 10, Вход с торца здания за углом у фитнеса, 2 этаж., Москва",рестораны,4.9,24,https://zoon.ru/msk/restaurants/restoran_amara_platinum/reviews/,Другое
Миндаль,"проспект Красной Армии, 212А, цокольный этаж, Сергиев Посад",рестораны,4.7,51,https://zoon.ru/msk/restaurants/restoran_mindal_v_sergievom_posade/reviews/,Другое
Волшебная арфа,"8 мин. • Курская Лялин переулок, 3 ст3, цокольный этаж, Москва",рестораны,5.0,10,https://zoon.ru/msk/restaurants/restoran_volshebnaya_arfa/reviews/,Другое
Keto&Kote,"4 мин. • Новослободская Селезнёвская улица, 13с1, Москва",рестораны,4.8,26,https://zoon.ru/msk/restaurants/restoran_ketokote/reviews/,Другое
Гранд,"15 мин. • Люблино Тихорецкий бульвар, 1с19, Москва",рестораны,5.0,7,https://zoon.ru/msk/restaurants/banketnyj_zal_grand_v_lyublino/reviews/,ЮВАО
Вавилон,"5 мин. • Технопарк Проектируемый проезд № 4062, 6с1, Москва",рестораны,4.9,26,https://zoon.ru/msk/restaurants/restoran_vavilon_na_metro_tehnopark/reviews/,Другое
Березовая роща,"19 мин. • Полежаевская улица Куусинена, 8а, Москва",рестораны,4.7,92,https://zoon.ru/msk/restaurants/kafe_berezovaya_roscha_na_ulitse_kuusinena/reviews/,Другое
Русские традиции,"9 мин. • Новокосино Носовихинское шоссе, 18В, 1-3 этаж, Реутов",рестораны,4.7,84,https://zoon.ru/msk/restaurants/restoran_russkie_traditsii_v_reutove/reviews/,ВАО
Эчпочмак,"14 мин. • Сокольники улица Стромынка, 16, цокольный этаж, Москва",рестораны,4.9,31,https://zoon.ru/msk/restaurants/kafe_tatarskoj_kuhni_echpochmak/reviews/,САО
Varvarka 3,"6 мин. • Китай-город улица Ильинка, 4, в здании Гостиного двора, рядом с подъездом 15, Москва",рестораны,4.9,162,https://zoon.ru/msk/restaurants/restoran_sigarnyj_klub_varvarka_3_na_ulitse_ilinka/reviews/,ЦАО
Территория,"39 мин. • Орехово Липецкая улица, 22, 2 этаж, Москва",рестораны,4.3,120,https://zoon.ru/msk/restaurants/bar-restoran_territoriya_na_lipetskoj_ulitse/reviews/,Другое
Добрые Соседи,"41 мин. • Давыдково Можайское шоссе, 45Б, Москва",рестораны,4.9,5,https://zoon.ru/msk/restaurants/restoran_chestnyh_tsen_dobrye_sosedi/reviews/,Другое
Яръ,"13 мин. • Динамо Ленинградский проспект, 32/2, 1 этаж; комплекс Советский, Москва",рестораны,4.9,556,https://zoon.ru/msk/restaurants/restoran_yar_na_leningradskom_prospekte/reviews/,Другое
Доктор на крыше,"5 мин. • Маяковская 2-й Тверской-Ямской переулок, 10, 12 этаж, Москва",рестораны,4.5,42,https://zoon.ru/msk/restaurants/restoran_doktor_na_kryshe_na_metro_mayakovskaya/reviews/,ЦАО
Пандури,"Северное шоссе, 22, Раменское",рестораны,4.8,29,https://zoon.ru/msk/restaurants/restoran_panduri/reviews/,Другое
Хинкальная в Реутове,"18 мин. • Новокосино улица Ленина, 6, 1 этаж, Реутов",рестораны,4.7,33,https://zoon.ru/msk/restaurants/hinkalnaya_v_reutove/reviews/,ВАО
Арарат,"6 мин. • Смоленская улица Арбат, 32, 1 этаж, Москва",рестораны,4.9,15,https://zoon.ru/msk/restaurants/restoran_ararat_na_arbate/reviews/,ЦАО
Dolce casa,"29 мин. • Мякинино Авангардная улица, 3, 2 этаж, Красногорск",рестораны,4.9,161,https://zoon.ru/msk/restaurants/restoran_dolce_casa/reviews/,Другое
Studio 46,"6 мин. • Менделеевская Новослободская улица, 46, Москва",рестораны,4.5,39,https://zoon.ru/msk/restaurants/karaoke-klub_studio_46_na_novoslobodskoj_ulitse_46/reviews/,Другое
Пиво Еда Люди,"7 мин. • Сокольники Егерская улица, 1, 1 этаж, Москва",рестораны,4.9,23,https://zoon.ru/msk/restaurants/pivo_eda_lyudi_na_egerskoj_ulitse/reviews/,САО
Поминальная трапеза,"39 мин. • Орехово Липецкая улица, 22, Москва",рестораны,4.9,9,https://zoon.ru/msk/restaurants/kafe_pominalnaya_trapeza_na_lipetskoj_ulitse/reviews/,Другое
Танжирс Лаунж,"11 мин. • Курская улица Покровка, 31с4, Москва",рестораны,4.9,61,https://zoon.ru/msk/restaurants/launzh-restoran_tanzhirs_launzh_na_ulitse_pokrovka/reviews/,Другое
Вкус огня,"5 мин. • Павелецкая Большая Пионерская улица, 7 ст1, вход со двора, Москва",рестораны,4.9,132,https://zoon.ru/msk/restaurants/restoran_vkus_ognya_na_metro_paveletskaya/reviews/,Другое
Джавахк,"37 мин. • Лухмановская Инициативная улица, 7Б, 2 этаж, Люберцы",рестораны,4.9,697,https://zoon.ru/msk/restaurants/hinkalnaya_dzhavahk_na_initsiativnoj_ulitse_v_lyubertsah/reviews/,Другое
Pub13,"3 мин. • Бауманская Волховский переулок, 2, 1 этаж, Москва",рестораны,4.9,55,https://zoon.ru/msk/restaurants/pub13_na_metro_baumanskaya/reviews/,Другое
Кристалл,"Силикатная улица, 51Б, Мытищи",рестораны,4.7,38,https://zoon.ru/msk/restaurants/restoran_kristall_v_mytischah/reviews/,Другое
Maurizio,"4 мин. • Сухаревская улица Сретенка, 26/1, Москва",рестораны,4.9,914,https://zoon.ru/msk/restaurants/restoran_maurizio_na_ulitse_sretenka/reviews/,Другое
Руки ВВерх!,"11 мин. • Крестьянская застава Нижегородская улица, 2к1, Москва",рестораны,4.8,15,https://zoon.ru/msk/restaurants/bar_ruki_vverh_na_taganke/reviews/,Другое
Зелёная Роща,"Мытищинский район, Мытищинская улица, 1Д, деревня Ульянково",рестораны,4.5,17,https://zoon.ru/msk/restaurants/restoran_zelyonaya_roscha_v_derevne_ulyankovo/reviews/,Другое
Пиросмани,"13 мин. • Яхромская Дубнинская улица, 32, 1; 2 этаж, Москва",рестораны,4.9,24,https://zoon.ru/msk/restaurants/restoran_pirosmani_na_dubninskoj_ulitse/reviews/,Другое
Amara Platinum,"4 мин. • Дубровка (Московское центральное кольцо) 1-я улица Машиностроения, 10, Вход с торца здания за углом у фитнеса, 2 этаж., Москва",рестораны,4.9,24,https://zoon.ru/msk/restaurants/restoran_amara_platinum/reviews/,Другое
Миндаль,"проспект Красной Армии, 212А, цокольный этаж, Сергиев Посад",рестораны,4.7,51,https://zoon.ru/msk/restaurants/restoran_mindal_v_sergievom_posade/reviews/,Другое
Волшебная арфа,"8 мин. • Курская Лялин переулок, 3 ст3, цокольный этаж, Москва",рестораны,5.0,10,https://zoon.ru/msk/restaurants/restoran_volshebnaya_arfa/reviews/,Другое
Keto&Kote,"4 мин. • Новослободская Селезнёвская улица, 13с1, Москва",рестораны,4.8,26,https://zoon.ru/msk/restaurants/restoran_ketokote/reviews/,Другое
Гранд,"15 мин. • Люблино Тихорецкий бульвар, 1с19, Москва",рестораны,5.0,7,https://zoon.ru/msk/restaurants/banketnyj_zal_grand_v_lyublino/reviews/,ЮВАО
Вавилон,"5 мин. • Технопарк Проектируемый проезд № 4062, 6с1, Москва",рестораны,4.9,26,https://zoon.ru/msk/restaurants/restoran_vavilon_na_metro_tehnopark/reviews/,Другое
Березовая роща,"19 мин. • Полежаевская улица Куусинена, 8а, Москва",рестораны,4.7,92,https://zoon.ru/msk/restaurants/kafe_berezovaya_roscha_na_ulitse_kuusinena/reviews/,Другое
Русские традиции,"9 мин. • Новокосино Носовихинское шоссе, 18В, 1-3 этаж, Реутов",рестораны,4.7,84,https://zoon.ru/msk/restaurants/restoran_russkie_traditsii_v_reutove/reviews/,ВАО
Эчпочмак,"14 мин. • Сокольники улица Стромынка, 16, цокольный этаж, Москва",рестораны,4.9,31,https://zoon.ru/msk/restaurants/kafe_tatarskoj_kuhni_echpochmak/reviews/,САО
Varvarka 3,"6 мин. • Китай-город улица Ильинка, 4, в здании Гостиного двора, рядом с подъездом 15, Москва",рестораны,4.9,162,https://zoon.ru/msk/restaurants/restoran_sigarnyj_klub_varvarka_3_na_ulitse_ilinka/reviews/,ЦАО
Территория,"39 мин. • Орехово Липецкая улица, 22, 2 этаж, Москва",рестораны,4.3,120,https://zoon.ru/msk/restaurants/bar-restoran_territoriya_na_lipetskoj_ulitse/reviews/,Другое
Добрые Соседи,"41 мин. • Давыдково Можайское шоссе, 45Б, Москва",рестораны,4.9,5,https://zoon.ru/msk/restaurants/restoran_chestnyh_tsen_dobrye_sosedi/reviews/,Другое
Яръ,"13 мин. • Динамо Ленинградский проспект, 32/2, 1 этаж; комплекс Советский, Москва",рестораны,4.9,556,https://zoon.ru/msk/restaurants/restoran_yar_na_leningradskom_prospekte/reviews/,Другое
Доктор на крыше,"5 мин. • Маяковская 2-й Тверской-Ямской переулок, 10, 12 этаж, Москва",рестораны,4.5,42,https://zoon.ru/msk/restaurants/restoran_doktor_na_kryshe_na_metro_mayakovskaya/reviews/,ЦАО
Пандури,"Северное шоссе, 22, Раменское",рестораны,4.8,29,https://zoon.ru/msk/restaurants/restoran_panduri/reviews/,Другое
Хинкальная в Реутове,"18 мин. • Новокосино улица Ленина, 6, 1 этаж, Реутов",рестораны,4.7,33,https://zoon.ru/msk/restaurants/hinkalnaya_v_reutove/reviews/,ВАО
Арарат,"6 мин. • Смоленская улица Арбат, 32, 1 этаж, Москва",рестораны,4.9,15,https://zoon.ru/msk/restaurants/restoran_ararat_na_arbate/reviews/,ЦАО
Dolce casa,"29 мин. • Мякинино Авангардная улица, 3, 2 этаж, Красногорск",рестораны,4.9,161,https://zoon.ru/msk/restaurants/restoran_dolce_casa/reviews/,Другое
Studio 46,"6 мин. • Менделеевская Новослободская улица, 46, Москва",рестораны,4.5,39,https://zoon.ru/msk/restaurants/karaoke-klub_studio_46_na_novoslobodskoj_ulitse_46/reviews/,Другое
Пиво Еда Люди,"7 мин. • Сокольники Егерская улица, 1, 1 этаж, Москва",рестораны,4.9,23,https://zoon.ru/msk/restaurants/pivo_eda_lyudi_na_egerskoj_ulitse/reviews/,САО
Поминальная трапеза,"39 мин. • Орехово Липецкая улица, 22, Москва",рестораны,4.9,9,https://zoon.ru/msk/restaurants/kafe_pominalnaya_trapeza_na_lipetskoj_ulitse/reviews/,Другое
Барвиха Lounge Киевская,"3 мин. • Киевская улица Киевская, 2, Москва",развлечения,4.9,314,https://zoon.ru/msk/entertainment/kalyannaya_barviha_lounge_kievskaya-3e0a/reviews/,Другое
Детская бухта,"21 мин. • Щёлковская Сиреневый бульвар, 9А, 1 этаж, Москва",развлечения,5.0,89,https://zoon.ru/msk/entertainment/plavatelnyj_klub_detskaya_buhta_na_metro_schyolkovskaya/reviews/,Другое
Бэби-кулинар,"11 мин. • Бауманская улица Фридриха Энгельса, 46 ст7, 1 этаж; 1 подъезд, Москва",развлечения,4.9,12,https://zoon.ru/msk/entertainment/detskaya_kulinarnaya_shkola_bebi-kulinar_na_ulitse_fridriha_engelsa/reviews/,Другое
Боулинг Про,"5 мин. • Коломенская проспект Андропова, 36, 4 этаж, Москва",развлечения,4.8,642,https://zoon.ru/msk/entertainment/klub_bouling_pro_na_prospekte_andropova/reviews/,Другое
HookahMagic Lounge,"17 мин. • ВДНХ улица Космонавтов, 15, этаж 3, Москва",развлечения,4.8,15,https://zoon.ru/msk/entertainment/bar_hookahmagic_lounge_na_ulitse_kosmonavtov/reviews/,Другое
FPS Arena eSports Gaming Center,"5 мин. • Марьина Роща Ямская 1-я, 8, 1 этаж, Москва",развлечения,4.9,168,https://zoon.ru/msk/entertainment/kompyuternyj_klub_fps_arena_esports_gaming_center/reviews/,СВАО
Mos Lounge & Bar,"9 мин. • Братиславская Братиславская улица, 13, Москва",развлечения,5.0,11,https://zoon.ru/msk/entertainment/kalyannaya_mos_lounge_bar_v_marino_na_metro_bratislavskaya/reviews/,Другое
Барвиха Lounge Юго-Западная,"16 мин. • Юго-Западная Ленинский проспект, 146, Москва",развлечения,4.9,332,https://zoon.ru/msk/entertainment/kalyannaya_barviha_lounge_yugo-zapadnaya/reviews/,Другое
The Лазать,"14 мин. • Зорге 3-я Песчаная улица, 2с1, Москва",развлечения,4.9,7,https://zoon.ru/msk/entertainment/kafe_the_lazat/reviews/,Другое
ExitGames,"13 мин. • ЦСКА Берёзовой Рощи проезд, 12, 2 этаж, Москва",развлечения,4.6,115,https://zoon.ru/msk/entertainment/kvest_exitgames_na_metro_polezhaevskaya/reviews/,Другое
Планета Боулинг,"5 мин. • Партизанская Измайловское шоссе, 71к4Г-Д, 2 этаж, Москва",развлечения,4.8,496,https://zoon.ru/msk/entertainment/klub_planeta_bouling_v_izmajlovo/reviews/,Другое
Baza VR,"3 мин. • Щёлковская Щёлковское шоссе, 75, 5 этаж, Москва",развлечения,5.0,39,https://zoon.ru/msk/entertainment/klub_virtualnoj_realnosti_baza_vr/reviews/,Другое
Sova,"Маршала Бирюзова, 17, цокольный этаж, Одинцово",развлечения,4.9,29,https://zoon.ru/msk/entertainment/tsentr_parovyh_koktejlej_sova/reviews/,Другое
Весёлкин,"8 мин. • Нагатинский Затон улица Кухмистерова, 4, Главный вход, дверь слева от бара кинотеатра, Москва",развлечения,5.0,29,https://zoon.ru/msk/entertainment/detskij_tsentr_vesyolkin/reviews/,ЮАО
Медведь,"16 мин. • Тушинская Вишнёвая улица, 13, 4 этаж, Москва",развлечения,4.6,4,https://zoon.ru/msk/entertainment/lazertag-klub_medved_na_vishnyovoj_ulitse/reviews/,Другое
Золотой Шар,"4.3 км • Митино улица 50 лет Октября, 12, 4 этаж, Красногорск",развлечения,4.9,494,https://zoon.ru/msk/entertainment/bouling-klub_i_bilyardnyj_klub_zolotoj_shar_v_krasnogorske/reviews/,СЗАО
Bro Lounge,"8 мин. • Курская улица Земляной Вал, 8, Москва",развлечения,4.9,37,https://zoon.ru/msk/entertainment/kalyannaya_bro_lounge/reviews/,Другое
Барвиха Lounge Митино,"3 мин. • Волоколамская Пятницкое шоссе, 3, Этаж 3, Москва",развлечения,5.0,191,https://zoon.ru/msk/entertainment/kalyannaya_barviha_lounge_mitino/reviews/,Другое
Банка,"142000, улица Кирова, 7 к1, помещение 11, Домодедово",развлечения,5.0,2,https://zoon.ru/msk/entertainment/loft_banka_v_domodedovo/#reviews,Другое
Pravda Lounge,"1 мин. • Новогиреево Свободный проспект, 20А, 3 этаж, Москва",развлечения,5.0,5,https://zoon.ru/msk/entertainment/bar_pravda_lounge/#reviews,ВАО
Wow Land,"51 мин. • Котельники Октябрьский проспект, 368, 3 этаж, Люберцы",развлечения,5.0,2,https://zoon.ru/msk/entertainment/kompaniya_po_organizatsii_detskih_prazdnikov_wow_land_na_oktyabrskom_prospekte_368_v_lyubertsah/#reviews,Другое
Шелби Лаунж,"9 мин. • Шоссе Энтузиастов Электродная улица, 8с4, вверх по лестнице, черная металлическая дверь с правой стороны, Москва",развлечения,5.0,28,https://zoon.ru/msk/entertainment/kalyannaya_shelbi_launzh_na_elektrodnoj_ulitse/reviews/,Другое
Pixel Quest,"1 мин. • Киевская площадь Киевского Вокзала, 2, Москва",развлечения,4.9,9,https://zoon.ru/msk/entertainment/kvest_pixel_quest_na_ploschadi_kievskogo_vokzala_2/reviews/,Другое
Барвиха Lounge Раменки,"8 мин. • Раменки Мичуринский проспект, 9 к5, Москва",развлечения,4.9,180,https://zoon.ru/msk/entertainment/kalyannaya_barviha_lounge_ramenki/reviews/,ЗАО
Block smoke,"4 мин. • Варшавская Варшавское шоссе, 83 ст1, цокольный этаж, Москва",развлечения,5.0,53,https://zoon.ru/msk/entertainment/tsentr_parovyh_koktejlej_block_smoke/reviews/,Другое
Другие Миры,"4.3 км • Митино Дачная улица, 11А, Красногорск",развлечения,4.9,30,https://zoon.ru/msk/entertainment/park_virtualnoj_realnosti_drugie_miry_na_dachnoj_ulitse_v_krasnogorske/reviews/,СЗАО
МСК Lounge,"2 мин. • Беляево Профсоюзная улица, 102с1, 3-й этаж, секция 314А, Москва",развлечения,4.9,26,https://zoon.ru/msk/entertainment/kalyannaya_msk_moskovskaya_set_kalyannyh_na_metro_belyaevo/reviews/,Другое
Трушка,"14 мин. • Выхино Вешняковская улица, 18А, Москва",развлечения,4.9,161,https://zoon.ru/msk/entertainment/kompyuternyj_klub_trushka_na_veshnyakovskoj_ulitse/reviews/,Другое
Барвиха Lounge Селигерская,"6 мин. • Селигерская Дмитровское шоссе, 85, Москва",развлечения,4.9,312,https://zoon.ru/msk/entertainment/kalyannaya_barviha_lounge_seligerskaya/reviews/,Другое
Котя Мотя,"1 мин. • Пыхтино улица Лётчика Ульянина, 4, 1 этаж, Москва",развлечения,4.8,5,https://zoon.ru/msk/entertainment/kotokafe_kotya_motya/reviews/,Другое
Барвиха Lounge Киевская,"3 мин. • Киевская улица Киевская, 2, Москва",развлечения,4.9,314,https://zoon.ru/msk/entertainment/kalyannaya_barviha_lounge_kievskaya-3e0a/reviews/,Другое
Детская бухта,"21 мин. • Щёлковская Сиреневый бульвар, 9А, 1 этаж, Москва",развлечения,5.0,89,https://zoon.ru/msk/entertainment/plavatelnyj_klub_detskaya_buhta_na_metro_schyolkovskaya/reviews/,Другое
Бэби-кулинар,"11 мин. • Бауманская улица Фридриха Энгельса, 46 ст7, 1 этаж; 1 подъезд, Москва",развлечения,4.9,12,https://zoon.ru/msk/entertainment/detskaya_kulinarnaya_shkola_bebi-kulinar_na_ulitse_fridriha_engelsa/reviews/,Другое
Боулинг Про,"5 мин. • Коломенская проспект Андропова, 36, 4 этаж, Москва",развлечения,4.8,642,https://zoon.ru/msk/entertainment/klub_bouling_pro_na_prospekte_andropova/reviews/,Другое
HookahMagic Lounge,"17 мин. • ВДНХ улица Космонавтов, 15, этаж 3, Москва",развлечения,4.8,15,https://zoon.ru/msk/entertainment/bar_hookahmagic_lounge_na_ulitse_kosmonavtov/reviews/,Другое
FPS Arena eSports Gaming Center,"5 мин. • Марьина Роща Ямская 1-я, 8, 1 этаж, Москва",развлечения,4.9,168,https://zoon.ru/msk/entertainment/kompyuternyj_klub_fps_arena_esports_gaming_center/reviews/,СВАО
Mos Lounge & Bar,"9 мин. • Братиславская Братиславская улица, 13, Москва",развлечения,5.0,11,https://zoon.ru/msk/entertainment/kalyannaya_mos_lounge_bar_v_marino_na_metro_bratislavskaya/reviews/,Другое
Барвиха Lounge Юго-Западная,"16 мин. • Юго-Западная Ленинский проспект, 146, Москва",развлечения,4.9,332,https://zoon.ru/msk/entertainment/kalyannaya_barviha_lounge_yugo-zapadnaya/reviews/,Другое
The Лазать,"14 мин. • Зорге 3-я Песчаная улица, 2с1, Москва",развлечения,4.9,7,https://zoon.ru/msk/entertainment/kafe_the_lazat/reviews/,Другое
ExitGames,"13 мин. • ЦСКА Берёзовой Рощи проезд, 12, 2 этаж, Москва",развлечения,4.6,115,https://zoon.ru/msk/entertainment/kvest_exitgames_na_metro_polezhaevskaya/reviews/,Другое
Планета Боулинг,"5 мин. • Партизанская Измайловское шоссе, 71к4Г-Д, 2 этаж, Москва",развлечения,4.8,496,https://zoon.ru/msk/entertainment/klub_planeta_bouling_v_izmajlovo/reviews/,Другое
Baza VR,"3 мин. • Щёлковская Щёлковское шоссе, 75, 5 этаж, Москва",развлечения,5.0,39,https://zoon.ru/msk/entertainment/klub_virtualnoj_realnosti_baza_vr/reviews/,Другое
Sova,"Маршала Бирюзова, 17, цокольный этаж, Одинцово",развлечения,4.9,29,https://zoon.ru/msk/entertainment/tsentr_parovyh_koktejlej_sova/reviews/,Другое
Весёлкин,"8 мин. • Нагатинский Затон улица Кухмистерова, 4, Главный вход, дверь слева от бара кинотеатра, Москва",развлечения,5.0,29,https://zoon.ru/msk/entertainment/detskij_tsentr_vesyolkin/reviews/,ЮАО
Медведь,"16 мин. • Тушинская Вишнёвая улица, 13, 4 этаж, Москва",развлечения,4.6,4,https://zoon.ru/msk/entertainment/lazertag-klub_medved_na_vishnyovoj_ulitse/reviews/,Другое
Золотой Шар,"4.3 км • Митино улица 50 лет Октября, 12, 4 этаж, Красногорск",развлечения,4.9,494,https://zoon.ru/msk/entertainment/bouling-klub_i_bilyardnyj_klub_zolotoj_shar_v_krasnogorske/reviews/,СЗАО
Bro Lounge,"8 мин. • Курская улица Земляной Вал, 8, Москва",развлечения,4.9,37,https://zoon.ru/msk/entertainment/kalyannaya_bro_lounge/reviews/,Другое
Барвиха Lounge Митино,"3 мин. • Волоколамская Пятницкое шоссе, 3, Этаж 3, Москва",развлечения,5.0,191,https://zoon.ru/msk/entertainment/kalyannaya_barviha_lounge_mitino/reviews/,Другое
Банка,"142000, улица Кирова, 7 к1, помещение 11, Домодедово",развлечения,5.0,2,https://zoon.ru/msk/entertainment/loft_banka_v_domodedovo/#reviews,Другое
Pravda Lounge,"1 мин. • Новогиреево Свободный проспект, 20А, 3 этаж, Москва",развлечения,5.0,5,https://zoon.ru/msk/entertainment/bar_pravda_lounge/#reviews,ВАО
Wow Land,"51 мин. • Котельники Октябрьский проспект, 368, 3 этаж, Люберцы",развлечения,5.0,2,https://zoon.ru/msk/entertainment/kompaniya_po_organizatsii_detskih_prazdnikov_wow_land_na_oktyabrskom_prospekte_368_v_lyubertsah/#reviews,Другое
Шелби Лаунж,"9 мин. • Шоссе Энтузиастов Электродная улица, 8с4, вверх по лестнице, черная металлическая дверь с правой стороны, Москва",развлечения,5.0,28,https://zoon.ru/msk/entertainment/kalyannaya_shelbi_launzh_na_elektrodnoj_ulitse/reviews/,Другое
Pixel Quest,"1 мин. • Киевская площадь Киевского Вокзала, 2, Москва",развлечения,4.9,9,https://zoon.ru/msk/entertainment/kvest_pixel_quest_na_ploschadi_kievskogo_vokzala_2/reviews/,Другое
Барвиха Lounge Раменки,"8 мин. • Раменки Мичуринский проспект, 9 к5, Москва",развлечения,4.9,180,https://zoon.ru/msk/entertainment/kalyannaya_barviha_lounge_ramenki/reviews/,ЗАО
Block smoke,"4 мин. • Варшавская Варшавское шоссе, 83 ст1, цокольный этаж, Москва",развлечения,5.0,53,https://zoon.ru/msk/entertainment/tsentr_parovyh_koktejlej_block_smoke/reviews/,Другое
Другие Миры,"4.3 км • Митино Дачная улица, 11А, Красногорск",развлечения,4.9,30,https://zoon.ru/msk/entertainment/park_virtualnoj_realnosti_drugie_miry_na_dachnoj_ulitse_v_krasnogorske/reviews/,СЗАО
МСК Lounge,"2 мин. • Беляево Профсоюзная улица, 102с1, 3-й этаж, секция 314А, Москва",развлечения,4.9,26,https://zoon.ru/msk/entertainment/kalyannaya_msk_moskovskaya_set_kalyannyh_na_metro_belyaevo/reviews/,Другое
Трушка,"14 мин. • Выхино Вешняковская улица, 18А, Москва",развлечения,4.9,161,https://zoon.ru/msk/entertainment/kompyuternyj_klub_trushka_na_veshnyakovskoj_ulitse/reviews/,Другое
Барвиха Lounge Селигерская,"6 мин. • Селигерская Дмитровское шоссе, 85, Москва",развлечения,4.9,312,https://zoon.ru/msk/entertainment/kalyannaya_barviha_lounge_seligerskaya/reviews/,Другое
Котя Мотя,"1 мин. • Пыхтино улица Лётчика Ульянина, 4, 1 этаж, Москва",развлечения,4.8,5,https://zoon.ru/msk/entertainment/kotokafe_kotya_motya/reviews/,Другое
Барвиха Lounge Киевская,"3 мин. • Киевская улица Киевская, 2, Москва",развлечения,4.9,314,https://zoon.ru/msk/entertainment/kalyannaya_barviha_lounge_kievskaya-3e0a/reviews/,Другое
Детская бухта,"21 мин. • Щёлковская Сиреневый бульвар, 9А, 1 этаж, Москва",развлечения,5.0,89,https://zoon.ru/msk/entertainment/plavatelnyj_klub_detskaya_buhta_na_metro_schyolkovskaya/reviews/,Другое
Бэби-кулинар,"11 мин. • Бауманская улица Фридриха Энгельса, 46 ст7, 1 этаж; 1 подъезд, Москва",развлечения,4.9,12,https://zoon.ru/msk/entertainment/detskaya_kulinarnaya_shkola_bebi-kulinar_na_ulitse_fridriha_engelsa/reviews/,Другое
Боулинг Про,"5 мин. • Коломенская проспект Андропова, 36, 4 этаж, Москва",развлечения,4.8,642,https://zoon.ru/msk/entertainment/klub_bouling_pro_na_prospekte_andropova/reviews/,Другое
HookahMagic Lounge,"17 мин. • ВДНХ улица Космонавтов, 15, этаж 3, Москва",развлечения,4.8,15,https://zoon.ru/msk/entertainment/bar_hookahmagic_lounge_na_ulitse_kosmonavtov/reviews/,Другое
FPS Arena eSports Gaming Center,"5 мин. • Марьина Роща Ямская 1-я, 8, 1 этаж, Москва",развлечения,4.9,168,https://zoon.ru/msk/entertainment/kompyuternyj_klub_fps_arena_esports_gaming_center/reviews/,СВАО
Mos Lounge & Bar,"9 мин. • Братиславская Братиславская улица, 13, Москва",развлечения,5.0,11,https://zoon.ru/msk/entertainment/kalyannaya_mos_lounge_bar_v_marino_na_metro_bratislavskaya/reviews/,Другое
Барвиха Lounge Юго-Западная,"16 мин. • Юго-Западная Ленинский проспект, 146, Москва",развлечения,4.9,332,https://zoon.ru/msk/entertainment/kalyannaya_barviha_lounge_yugo-zapadnaya/reviews/,Другое
The Лазать,"14 мин. • Зорге 3-я Песчаная улица, 2с1, Москва",развлечения,4.9,7,https://zoon.ru/msk/entertainment/kafe_the_lazat/reviews/,Другое
ExitGames,"13 мин. • ЦСКА Берёзовой Рощи проезд, 12, 2 этаж, Москва",развлечения,4.6,115,https://zoon.ru/msk/entertainment/kvest_exitgames_na_metro_polezhaevskaya/reviews/,Другое
Планета Боулинг,"5 мин. • Партизанская Измайловское шоссе, 71к4Г-Д, 2 этаж, Москва",развлечения,4.8,496,https://zoon.ru/msk/entertainment/klub_planeta_bouling_v_izmajlovo/reviews/,Другое
Baza VR,"3 мин. • Щёлковская Щёлковское шоссе, 75, 5 этаж, Москва",развлечения,5.0,39,https://zoon.ru/msk/entertainment/klub_virtualnoj_realnosti_baza_vr/reviews/,Другое
Sova,"Маршала Бирюзова, 17, цокольный этаж, Одинцово",развлечения,4.9,29,https://zoon.ru/msk/entertainment/tsentr_parovyh_koktejlej_sova/reviews/,Другое
Весёлкин,"8 мин. • Нагатинский Затон улица Кухмистерова, 4, Главный вход, дверь слева от бара кинотеатра, Москва",развлечения,5.0,29,https://zoon.ru/msk/entertainment/detskij_tsentr_vesyolkin/reviews/,ЮАО
Медведь,"16 мин. • Тушинская Вишнёвая улица, 13, 4 этаж, Москва",развлечения,4.6,4,https://zoon.ru/msk/entertainment/lazertag-klub_medved_na_vishnyovoj_ulitse/reviews/,Другое
Золотой Шар,"4.3 км • Митино улица 50 лет Октября, 12, 4 этаж, Красногорск",развлечения,4.9,494,https://zoon.ru/msk/entertainment/bouling-klub_i_bilyardnyj_klub_zolotoj_shar_v_krasnogorske/reviews/,СЗАО
Bro Lounge,"8 мин. • Курская улица Земляной Вал, 8, Москва",развлечения,4.9,37,https://zoon.ru/msk/entertainment/kalyannaya_bro_lounge/reviews/,Другое
Барвиха Lounge Митино,"3 мин. • Волоколамская Пятницкое шоссе, 3, Этаж 3, Москва",развлечения,5.0,191,https://zoon.ru/msk/entertainment/kalyannaya_barviha_lounge_mitino/reviews/,Другое
Банка,"142000, улица Кирова, 7 к1, помещение 11, Домодедово",развлечения,5.0,2,https://zoon.ru/msk/entertainment/loft_banka_v_domodedovo/#reviews,Другое
Pravda Lounge,"1 мин. • Новогиреево Свободный проспект, 20А, 3 этаж, Москва",развлечения,5.0,5,https://zoon.ru/msk/entertainment/bar_pravda_lounge/#reviews,ВАО
Wow Land,"51 мин. • Котельники Октябрьский проспект, 368, 3 этаж, Люберцы",развлечения,5.0,2,https://zoon.ru/msk/entertainment/kompaniya_po_organizatsii_detskih_prazdnikov_wow_land_na_oktyabrskom_prospekte_368_v_lyubertsah/#reviews,Другое
Шелби Лаунж,"9 мин. • Шоссе Энтузиастов Электродная улица, 8с4, вверх по лестнице, черная металлическая дверь с правой стороны, Москва",развлечения,5.0,28,https://zoon.ru/msk/entertainment/kalyannaya_shelbi_launzh_na_elektrodnoj_ulitse/reviews/,Другое
Pixel Quest,"1 мин. • Киевская площадь Киевского Вокзала, 2, Москва",развлечения,4.9,9,https://zoon.ru/msk/entertainment/kvest_pixel_quest_na_ploschadi_kievskogo_vokzala_2/reviews/,Другое
Барвиха Lounge Раменки,"8 мин. • Раменки Мичуринский проспект, 9 к5, Москва",развлечения,4.9,180,https://zoon.ru/msk/entertainment/kalyannaya_barviha_lounge_ramenki/reviews/,ЗАО
Block smoke,"4 мин. • Варшавская Варшавское шоссе, 83 ст1, цокольный этаж, Москва",развлечения,5.0,53,https://zoon.ru/msk/entertainment/tsentr_parovyh_koktejlej_block_smoke/reviews/,Другое
Другие Миры,"4.3 км • Митино Дачная улица, 11А, Красногорск",развлечения,4.9,30,https://zoon.ru/msk/entertainment/park_virtualnoj_realnosti_drugie_miry_na_dachnoj_ulitse_v_krasnogorske/reviews/,СЗАО
МСК Lounge,"2 мин. • Беляево Профсоюзная улица, 102с1, 3-й этаж, секция 314А, Москва",развлечения,4.9,26,https://zoon.ru/msk/entertainment/kalyannaya_msk_moskovskaya_set_kalyannyh_na_metro_belyaevo/reviews/,Другое
Трушка,"14 мин. • Выхино Вешняковская улица, 18А, Москва",развлечения,4.9,161,https://zoon.ru/msk/entertainment/kompyuternyj_klub_trushka_na_veshnyakovskoj_ulitse/reviews/,Другое
Барвиха Lounge Селигерская,"6 мин. • Селигерская Дмитровское шоссе, 85, Москва",развлечения,4.9,312,https://zoon.ru/msk/entertainment/kalyannaya_barviha_lounge_seligerskaya/reviews/,Другое
Котя Мотя,"1 мин. • Пыхтино улица Лётчика Ульянина, 4, 1 этаж, Москва",развлечения,4.8,5,https://zoon.ru/msk/entertainment/kotokafe_kotya_motya/reviews/,Другое
ИЗИАП,"5 мин. • Щукинская Авиационная улица, 57, этаж 2, Москва",фитнес,4.9,40,https://zoon.ru/msk/fitness/studiya_vozdushnoj_gimnastiki_i_myagkih_praktik_iziap/reviews/,Другое
CLUB 18 fight & fitness,"16 мин. • Нагатинская Нагатинский 1-й проезд, 15, 3 этаж, Москва",фитнес,4.9,741,https://zoon.ru/msk/fitness/fitnes-klub_club_18/reviews/,Другое
Новая Звезда,"10 мин. • Водный стадион Головинское шоссе, 10Б, Москва",фитнес,4.9,20,https://zoon.ru/msk/fitness/sportivnyj_klub_novaya_zvezda_na_metro_vodnyj_stadion/reviews/,Другое
Dojo sport club,"20 мин. • Аминьевская Нежинская улица, 11, -1 этаж, Москва",фитнес,5.0,23,https://zoon.ru/msk/fitness/dojo_sport_club/reviews/,Другое
Fitness Time,"16 мин. • Коптево Коптевский бульвар, 15а, Москва",фитнес,4.6,85,https://zoon.ru/msk/fitness/fitnes-klub_fitness_time_na_metro_koptevo/reviews/,САО
Shine Pilates Pro,"11 мин. • Прокшино район Коммунарка, улица Сальвадора Дали, 1к3, Москва",фитнес,5.0,14,https://zoon.ru/msk/fitness/studiya_shine_pilates_pro_na_ulitse_salvadora_dali_v_kommunarke/reviews/,Другое
Shine Pilates Pro,"23 мин. • Прокшино Москва, поселение бульвар Веласкеса, 2, вход со стороны ул. Сервантеса, Сосенское",фитнес,4.8,32,https://zoon.ru/msk/fitness/studiya_shine_pilates_pro/reviews/,Другое
Pilates Guru,"10 мин. • Котельники улица Лётчика Ларюшина, 4к1, Люберцы",фитнес,4.9,34,https://zoon.ru/msk/fitness/pilates_guru/reviews/,Другое
Облака,"12 мин. • Бабушкинская улица Лётчика Бабушкина, 32к3, Москва",фитнес,4.9,872,https://zoon.ru/msk/fitness/fitnes_klub_oblaka_na_ulitse_lyotchika_babushkina_32_k_3/reviews/,Другое
Облака,"13 мин. • Автозаводская 3-й Павелецкий проезд, 3, Москва",фитнес,4.9,499,https://zoon.ru/msk/fitness/fitnes-klub_oblaka_v_3-m_paveletskom_proezde/reviews/,Другое
BODYES,"Рождественская улица, 11, Мытищи",фитнес,4.7,19,https://zoon.ru/msk/fitness/laboratoriya_vozmozhnostej_tela_bodyes_v_mytischah/reviews/,Другое
СВ фитнес,"Можайское шоссе, 163, Одинцово",фитнес,4.7,103,https://zoon.ru/msk/fitness/sv_fitnes_na_mozhajskom_shosse_v_odintsovo/reviews/,Другое
Pole Dance Kiseleva,"30 мин. • Новогиреево Саянская улица, 7, этаж 4, Москва",фитнес,4.8,35,https://zoon.ru/msk/fitness/shkola_pole_dance_kiseleva/reviews/,ВАО
Луч,"13 мин. • Бабушкинская Енисейская улица, владение 7А строение 4, Этаж 1, Москва",фитнес,5.0,17,https://zoon.ru/msk/fitness/ozdorovitelnyj_tsentr_luch/reviews/,Другое
Мультиспорт,"9 мин. • Лужники улица Лужники, 24с10, Москва",фитнес,4.5,44,https://zoon.ru/msk/fitness/fitnes-klub_multisport_v_sk_luzhniki/reviews/,Другое
Fit&beauty,"10 мин. • Отрадное Северный бульвар, 15, вход со двора через шлагбаум, Москва",фитнес,4.7,52,https://zoon.ru/msk/fitness/studiya_fitnesa_i_krasoty_fitbeauty_na_severnom_bulvare/reviews/,СВАО
Арт-Спорт,"24 мин. • Яхромская Дегунино, 127635, Ангарская улица, 24А, отдельное здание 3 этажа, Москва",фитнес,4.8,1239,https://zoon.ru/msk/fitness/fitnes-klub_i_salon_krasoty_art-sport_na_angarskoj_ulitse/reviews/,Другое
BODYES,"11 мин. • ВДНХ улица Бориса Галушкина, 3, Москва",фитнес,4.7,46,https://zoon.ru/msk/fitness/laboratoriya_vozmozhnostej_tela_bodyes_na_metro_vdnh/reviews/,Другое
Европейский Гимнастический Центр,"1 мин. • Ботанический сад ул Вильгельма Пика, д 11, Москва",фитнес,5.0,1,https://zoon.ru/msk/fitness/evropejskij_gimnasticheskij_tsentr_v_rostokino/#reviews,Другое
Yma Fit,"9 мин. • Говорово район Солнцево, улица Татьянин Парк, 19, корп. 1, вход под вывеской СТОМАТОЛОГИЯ, этаж 2, Москва",фитнес,4.6,2,https://zoon.ru/msk/fitness/fitnes-klub_yma_fit/#reviews,ЗАО
Студия персональных тренировок Лары Шелл,"11 мин. • Академическая Новочерёмушкинская улица, 17, 1 этаж, Москва",фитнес,5.0,31,https://zoon.ru/msk/fitness/studiya_personalnyh_trenirovok_lary_shell_na_metro_akademicheskaya/reviews/,ЮЗАО
Gold’s Gym,"10 мин. • Динамо Ленинградский проспект, 29к3, 1 этаж, Москва",фитнес,4.4,52,https://zoon.ru/msk/fitness/fitnes-klub_golds_gym_na_metro_dinamo/reviews/,Другое
DDX Fitness Кузьминки,"2 мин. • Кузьминки улица Маршала Чуйкова, 3с2, 4 этаж, Москва",фитнес,4.6,25,https://zoon.ru/msk/fitness/fitnes-klub_ddx_fitness_kuzminki/reviews/,ЮВАО
ДримФитСайкл,"3 мин. • Пражская Кировоградская улица, 11, корп. 1, ТЦ Армада Хоум, 4 этаж, спортивный клуб Сэйкан., Москва",фитнес,5.0,28,https://zoon.ru/msk/fitness/fitnes-studiya_drimfitsajkl/reviews/,Другое
Фитнес-клуб Магнум,"микрорайон Кучино, Речная улица, 3А, 2 этаж, Балашиха",фитнес,4.7,72,https://zoon.ru/msk/fitness/fitnes-klub_magnum_v_mikrorajone_zheleznodorozhnyj_balashiha/reviews/,Другое
Облака,"20 мин. • Бабушкинская проезд Шокальского, 9А, Москва",фитнес,4.8,1303,https://zoon.ru/msk/fitness/fitnes-klub_oblaka_v_proezde_shokalskogo/reviews/,Другое
SMSTRETCHING,"2 мин. • Парк культуры улица Тимура Фрунзе, 16, стр. 3, Москва",фитнес,4.9,102,https://zoon.ru/msk/fitness/fitnes-studiya_smstretching_na_ulitse_timura_frunze/reviews/,Другое
DDX Fitness Балашиха ТЦ Футура,"шоссе Энтузиастов, 28, Балашиха",фитнес,5.0,9,https://zoon.ru/msk/fitness/fitnes-klub_ddx_fitness_balashiha_tts_futura/reviews/,Другое
Vitasport Wellness Club,"33 мин. • Щукинская Живописная улица, 21 к2, 1-2 этаж, Москва",фитнес,4.5,50,https://zoon.ru/msk/fitness/fitnes-klub_vitasport_na_zhivopisnoj_ulitse/reviews/,Другое
DDX Fitness Бульвар Яна Райниса,"26 мин. • Сходненская бульвар Яна Райниса, 41, Москва",фитнес,4.9,5,https://zoon.ru/msk/fitness/fitnes-klub_ddx_fitness_bulvar_yana_rajnisa/reviews/,Другое
ИЗИАП,"5 мин. • Щукинская Авиационная улица, 57, этаж 2, Москва",фитнес,4.9,40,https://zoon.ru/msk/fitness/studiya_vozdushnoj_gimnastiki_i_myagkih_praktik_iziap/reviews/,Другое
CLUB 18 fight & fitness,"16 мин. • Нагатинская Нагатинский 1-й проезд, 15, 3 этаж, Москва",фитнес,4.9,741,https://zoon.ru/msk/fitness/fitnes-klub_club_18/reviews/,Другое
Новая Звезда,"10 мин. • Водный стадион Головинское шоссе, 10Б, Москва",фитнес,4.9,20,https://zoon.ru/msk/fitness/sportivnyj_klub_novaya_zvezda_na_metro_vodnyj_stadion/reviews/,Другое
Dojo sport club,"20 мин. • Аминьевская Нежинская улица, 11, -1 этаж, Москва",фитнес,5.0,23,https://zoon.ru/msk/fitness/dojo_sport_club/reviews/,Другое
Fitness Time,"16 мин. • Коптево Коптевский бульвар, 15а, Москва",фитнес,4.6,85,https://zoon.ru/msk/fitness/fitnes-klub_fitness_time_na_metro_koptevo/reviews/,САО
Shine Pilates Pro,"11 мин. • Прокшино район Коммунарка, улица Сальвадора Дали, 1к3, Москва",фитнес,5.0,14,https://zoon.ru/msk/fitness/studiya_shine_pilates_pro_na_ulitse_salvadora_dali_v_kommunarke/reviews/,Другое
Shine Pilates Pro,"23 мин. • Прокшино Москва, поселение бульвар Веласкеса, 2, вход со стороны ул. Сервантеса, Сосенское",фитнес,4.8,32,https://zoon.ru/msk/fitness/studiya_shine_pilates_pro/reviews/,Другое
Pilates Guru,"10 мин. • Котельники улица Лётчика Ларюшина, 4к1, Люберцы",фитнес,4.9,34,https://zoon.ru/msk/fitness/pilates_guru/reviews/,Другое
Облака,"12 мин. • Бабушкинская улица Лётчика Бабушкина, 32к3, Москва",фитнес,4.9,872,https://zoon.ru/msk/fitness/fitnes_klub_oblaka_na_ulitse_lyotchika_babushkina_32_k_3/reviews/,Другое
Облака,"13 мин. • Автозаводская 3-й Павелецкий проезд, 3, Москва",фитнес,4.9,499,https://zoon.ru/msk/fitness/fitnes-klub_oblaka_v_3-m_paveletskom_proezde/reviews/,Другое
BODYES,"Рождественская улица, 11, Мытищи",фитнес,4.7,19,https://zoon.ru/msk/fitness/laboratoriya_vozmozhnostej_tela_bodyes_v_mytischah/reviews/,Другое
СВ фитнес,"Можайское шоссе, 163, Одинцово",фитнес,4.7,103,https://zoon.ru/msk/fitness/sv_fitnes_na_mozhajskom_shosse_v_odintsovo/reviews/,Другое
Pole Dance Kiseleva,"30 мин. • Новогиреево Саянская улица, 7, этаж 4, Москва",фитнес,4.8,35,https://zoon.ru/msk/fitness/shkola_pole_dance_kiseleva/reviews/,ВАО
Луч,"13 мин. • Бабушкинская Енисейская улица, владение 7А строение 4, Этаж 1, Москва",фитнес,5.0,17,https://zoon.ru/msk/fitness/ozdorovitelnyj_tsentr_luch/reviews/,Другое
Мультиспорт,"9 мин. • Лужники улица Лужники, 24с10, Москва",фитнес,4.5,44,https://zoon.ru/msk/fitness/fitnes-klub_multisport_v_sk_luzhniki/reviews/,Другое
Fit&beauty,"10 мин. • Отрадное Северный бульвар, 15, вход со двора через шлагбаум, Москва",фитнес,4.7,52,https://zoon.ru/msk/fitness/studiya_fitnesa_i_krasoty_fitbeauty_na_severnom_bulvare/reviews/,СВАО
Арт-Спорт,"24 мин. • Яхромская Дегунино, 127635, Ангарская улица, 24А, отдельное здание 3 этажа, Москва",фитнес,4.8,1239,https://zoon.ru/msk/fitness/fitnes-klub_i_salon_krasoty_art-sport_na_angarskoj_ulitse/reviews/,Другое
BODYES,"11 мин. • ВДНХ улица Бориса Галушкина, 3, Москва",фитнес,4.7,46,https://zoon.ru/msk/fitness/laboratoriya_vozmozhnostej_tela_bodyes_na_metro_vdnh/reviews/,Другое
Европейский Гимнастический Центр,"1 мин. • Ботанический сад ул Вильгельма Пика, д 11, Москва",фитнес,5.0,1,https://zoon.ru/msk/fitness/evropejskij_gimnasticheskij_tsentr_v_rostokino/#reviews,Другое
Yma Fit,"9 мин. • Говорово район Солнцево, улица Татьянин Парк, 19, корп. 1, вход под вывеской СТОМАТОЛОГИЯ, этаж 2, Москва",фитнес,4.6,2,https://zoon.ru/msk/fitness/fitnes-klub_yma_fit/#reviews,ЗАО
Студия персональных тренировок Лары Шелл,"11 мин. • Академическая Новочерёмушкинская улица, 17, 1 этаж, Москва",фитнес,5.0,31,https://zoon.ru/msk/fitness/studiya_personalnyh_trenirovok_lary_shell_na_metro_akademicheskaya/reviews/,ЮЗАО
Gold’s Gym,"10 мин. • Динамо Ленинградский проспект, 29к3, 1 этаж, Москва",фитнес,4.4,52,https://zoon.ru/msk/fitness/fitnes-klub_golds_gym_na_metro_dinamo/reviews/,Другое
DDX Fitness Кузьминки,"2 мин. • Кузьминки улица Маршала Чуйкова, 3с2, 4 этаж, Москва",фитнес,4.6,25,https://zoon.ru/msk/fitness/fitnes-klub_ddx_fitness_kuzminki/reviews/,ЮВАО
ДримФитСайкл,"3 мин. • Пражская Кировоградская улица, 11, корп. 1, ТЦ Армада Хоум, 4 этаж, спортивный клуб Сэйкан., Москва",фитнес,5.0,28,https://zoon.ru/msk/fitness/fitnes-studiya_drimfitsajkl/reviews/,Другое
Фитнес-клуб Магнум,"микрорайон Кучино, Речная улица, 3А, 2 этаж, Балашиха",фитнес,4.7,72,https://zoon.ru/msk/fitness/fitnes-klub_magnum_v_mikrorajone_zheleznodorozhnyj_balashiha/reviews/,Другое
Облака,"20 мин. • Бабушкинская проезд Шокальского, 9А, Москва",фитнес,4.8,1303,https://zoon.ru/msk/fitness/fitnes-klub_oblaka_v_proezde_shokalskogo/reviews/,Другое
SMSTRETCHING,"2 мин. • Парк культуры улица Тимура Фрунзе, 16, стр. 3, Москва",фитнес,4.9,102,https://zoon.ru/msk/fitness/fitnes-studiya_smstretching_na_ulitse_timura_frunze/reviews/,Другое
DDX Fitness Балашиха ТЦ Футура,"шоссе Энтузиастов, 28, Балашиха",фитнес,5.0,9,https://zoon.ru/msk/fitness/fitnes-klub_ddx_fitness_balashiha_tts_futura/reviews/,Другое
Vitasport Wellness Club,"33 мин. • Щукинская Живописная улица, 21 к2, 1-2 этаж, Москва",фитнес,4.5,50,https://zoon.ru/msk/fitness/fitnes-klub_vitasport_na_zhivopisnoj_ulitse/reviews/,Другое
DDX Fitness Бульвар Яна Райниса,"26 мин. • Сходненская бульвар Яна Райниса, 41, Москва",фитнес,4.9,5,https://zoon.ru/msk/fitness/fitnes-klub_ddx_fitness_bulvar_yana_rajnisa/reviews/,Другое
ИЗИАП,"5 мин. • Щукинская Авиационная улица, 57, этаж 2, Москва",фитнес,4.9,40,https://zoon.ru/msk/fitness/studiya_vozdushnoj_gimnastiki_i_myagkih_praktik_iziap/reviews/,Другое
CLUB 18 fight & fitness,"16 мин. • Нагатинская Нагатинский 1-й проезд, 15, 3 этаж, Москва",фитнес,4.9,741,https://zoon.ru/msk/fitness/fitnes-klub_club_18/reviews/,Другое
Новая Звезда,"10 мин. • Водный стадион Головинское шоссе, 10Б, Москва",фитнес,4.9,20,https://zoon.ru/msk/fitness/sportivnyj_klub_novaya_zvezda_na_metro_vodnyj_stadion/reviews/,Другое
Dojo sport club,"20 мин. • Аминьевская Нежинская улица, 11, -1 этаж, Москва",фитнес,5.0,23,https://zoon.ru/msk/fitness/dojo_sport_club/reviews/,Другое
Fitness Time,"16 мин. • Коптево Коптевский бульвар, 15а, Москва",фитнес,4.6,85,https://zoon.ru/msk/fitness/fitnes-klub_fitness_time_na_metro_koptevo/reviews/,САО
Shine Pilates Pro,"11 мин. • Прокшино район Коммунарка, улица Сальвадора Дали, 1к3, Москва",фитнес,5.0,14,https://zoon.ru/msk/fitness/studiya_shine_pilates_pro_na_ulitse_salvadora_dali_v_kommunarke/reviews/,Другое
Shine Pilates Pro,"23 мин. • Прокшино Москва, поселение бульвар Веласкеса, 2, вход со стороны ул. Сервантеса, Сосенское",фитнес,4.8,32,https://zoon.ru/msk/fitness/studiya_shine_pilates_pro/reviews/,Другое
Pilates Guru,"10 мин. • Котельники улица Лётчика Ларюшина, 4к1, Люберцы",фитнес,4.9,34,https://zoon.ru/msk/fitness/pilates_guru/reviews/,Другое
Облака,"12 мин. • Бабушкинская улица Лётчика Бабушкина, 32к3, Москва",фитнес,4.9,872,https://zoon.ru/msk/fitness/fitnes_klub_oblaka_na_ulitse_lyotchika_babushkina_32_k_3/reviews/,Другое
Облака,"13 мин. • Автозаводская 3-й Павелецкий проезд, 3, Москва",фитнес,4.9,499,https://zoon.ru/msk/fitness/fitnes-klub_oblaka_v_3-m_paveletskom_proezde/reviews/,Другое
BODYES,"Рождественская улица, 11, Мытищи",фитнес,4.7,19,https://zoon.ru/msk/fitness/laboratoriya_vozmozhnostej_tela_bodyes_v_mytischah/reviews/,Другое
СВ фитнес,"Можайское шоссе, 163, Одинцово",фитнес,4.7,103,https://zoon.ru/msk/fitness/sv_fitnes_na_mozhajskom_shosse_v_odintsovo/reviews/,Другое
Pole Dance Kiseleva,"30 мин. • Новогиреево Саянская улица, 7, этаж 4, Москва",фитнес,4.8,35,https://zoon.ru/msk/fitness/shkola_pole_dance_kiseleva/reviews/,ВАО
Луч,"13 мин. • Бабушкинская Енисейская улица, владение 7А строение 4, Этаж 1, Москва",фитнес,5.0,17,https://zoon.ru/msk/fitness/ozdorovitelnyj_tsentr_luch/reviews/,Другое
Мультиспорт,"9 мин. • Лужники улица Лужники, 24с10, Москва",фитнес,4.5,44,https://zoon.ru/msk/fitness/fitnes-klub_multisport_v_sk_luzhniki/reviews/,Другое
Fit&beauty,"10 мин. • Отрадное Северный бульвар, 15, вход со двора через шлагбаум, Москва",фитнес,4.7,52,https://zoon.ru/msk/fitness/studiya_fitnesa_i_krasoty_fitbeauty_na_severnom_bulvare/reviews/,СВАО
Арт-Спорт,"24 мин. • Яхромская Дегунино, 127635, Ангарская улица, 24А, отдельное здание 3 этажа, Москва",фитнес,4.8,1239,https://zoon.ru/msk/fitness/fitnes-klub_i_salon_krasoty_art-sport_na_angarskoj_ulitse/reviews/,Другое
BODYES,"11 мин. • ВДНХ улица Бориса Галушкина, 3, Москва",фитнес,4.7,46,https://zoon.ru/msk/fitness/laboratoriya_vozmozhnostej_tela_bodyes_na_metro_vdnh/reviews/,Другое
Европейский Гимнастический Центр,"1 мин. • Ботанический сад ул Вильгельма Пика, д 11, Москва",фитнес,5.0,1,https://zoon.ru/msk/fitness/evropejskij_gimnasticheskij_tsentr_v_rostokino/#reviews,Другое
Yma Fit,"9 мин. • Говорово район Солнцево, улица Татьянин Парк, 19, корп. 1, вход под вывеской СТОМАТОЛОГИЯ, этаж 2, Москва",фитнес,4.6,2,https://zoon.ru/msk/fitness/fitnes-klub_yma_fit/#reviews,ЗАО
Студия персональных тренировок Лары Шелл,"11 мин. • Академическая Новочерёмушкинская улица, 17, 1 этаж, Москва",фитнес,5.0,31,https://zoon.ru/msk/fitness/studiya_personalnyh_trenirovok_lary_shell_na_metro_akademicheskaya/reviews/,ЮЗАО
Gold’s Gym,"10 мин. • Динамо Ленинградский проспект, 29к3, 1 этаж, Москва",фитнес,4.4,52,https://zoon.ru/msk/fitness/fitnes-klub_golds_gym_na_metro_dinamo/reviews/,Другое
DDX Fitness Кузьминки,"2 мин. • Кузьминки улица Маршала Чуйкова, 3с2, 4 этаж, Москва",фитнес,4.6,25,https://zoon.ru/msk/fitness/fitnes-klub_ddx_fitness_kuzminki/reviews/,ЮВАО
ДримФитСайкл,"3 мин. • Пражская Кировоградская улица, 11, корп. 1, ТЦ Армада Хоум, 4 этаж, спортивный клуб Сэйкан., Москва",фитнес,5.0,28,https://zoon.ru/msk/fitness/fitnes-studiya_drimfitsajkl/reviews/,Другое
Фитнес-клуб Магнум,"микрорайон Кучино, Речная улица, 3А, 2 этаж, Балашиха",фитнес,4.7,72,https://zoon.ru/msk/fitness/fitnes-klub_magnum_v_mikrorajone_zheleznodorozhnyj_balashiha/reviews/,Другое
Облака,"20 мин. • Бабушкинская проезд Шокальского, 9А, Москва",фитнес,4.8,1303,https://zoon.ru/msk/fitness/fitnes-klub_oblaka_v_proezde_shokalskogo/reviews/,Другое
SMSTRETCHING,"2 мин. • Парк культуры улица Тимура Фрунзе, 16, стр. 3, Москва",фитнес,4.9,102,https://zoon.ru/msk/fitness/fitnes-studiya_smstretching_na_ulitse_timura_frunze/reviews/,Другое
DDX Fitness Балашиха ТЦ Футура,"шоссе Энтузиастов, 28, Балашиха",фитнес,5.0,9,https://zoon.ru/msk/fitness/fitnes-klub_ddx_fitness_balashiha_tts_futura/reviews/,Другое
Vitasport Wellness Club,"33 мин. • Щукинская Живописная улица, 21 к2, 1-2 этаж, Москва",фитнес,4.5,50,https://zoon.ru/msk/fitness/fitnes-klub_vitasport_na_zhivopisnoj_ulitse/reviews/,Другое
DDX Fitness Бульвар Яна Райниса,"26 мин. • Сходненская бульвар Яна Райниса, 41, Москва",фитнес,4.9,5,https://zoon.ru/msk/fitness/fitnes-klub_ddx_fitness_bulvar_yana_rajnisa/reviews/,Другое
